{
  "drum_breakdown": { "beat_timestamps": [182.26666666666668] },
  "kick": {
    "beat_timestamps": [
      2.7666666666666666, 3.6, 4.1, 4.933333333333334, 5.433333333333334,
      6.266666666666667, 6.766666666666667, 7.6, 8.1, 8.933333333333334,
      9.433333333333334, 10.266666666666667, 10.766666666666667, 11.6, 12.1,
      12.933333333333334, 13.433333333333334, 14.266666666666667,
      14.766666666666667, 15.6, 16.1, 16.933333333333334, 17.433333333333334,
      18.266666666666666, 18.766666666666666, 19.6, 20.1, 20.933333333333334,
      21.433333333333334, 22.266666666666666, 22.766666666666666, 23.6, 24.1,
      24.933333333333334, 25.433333333333334, 26.266666666666666,
      26.766666666666666, 27.6, 28.1, 28.933333333333334, 29.433333333333334,
      30.266666666666666, 30.766666666666666, 31.6, 32.1, 32.93333333333333,
      33.43333333333333, 34.266666666666666, 34.766666666666666, 35.6, 36.1,
      36.93333333333333, 37.43333333333333, 38.266666666666666,
      38.766666666666666, 39.6, 40.1, 40.93333333333333, 41.43333333333333,
      42.266666666666666, 42.766666666666666, 43.6, 44.1, 44.93333333333333,
      45.43333333333333, 46.266666666666666, 46.766666666666666, 47.6, 48.1,
      48.93333333333333, 49.43333333333333, 50.266666666666666,
      50.766666666666666, 51.6, 52.1, 52.93333333333333, 53.43333333333333,
      54.266666666666666, 54.766666666666666, 55.6, 56.1, 56.93333333333333,
      57.43333333333333, 58.266666666666666, 58.766666666666666, 59.6, 60.1,
      60.93333333333333, 61.43333333333333, 62.266666666666666,
      62.766666666666666, 63.6, 64.1, 64.93333333333334, 65.43333333333334,
      66.26666666666667, 66.76666666666667, 67.6, 68.1, 68.93333333333334,
      69.43333333333334, 70.26666666666667, 70.76666666666667, 71.6, 72.1,
      72.93333333333334, 73.43333333333334, 74.26666666666667,
      74.76666666666667, 75.6, 76.1, 76.93333333333334, 77.43333333333334,
      78.26666666666667, 78.76666666666667, 79.6, 80.1, 80.93333333333334,
      81.43333333333334, 82.26666666666667, 82.76666666666667, 83.6, 84.1,
      84.93333333333334, 85.43333333333334, 86.26666666666667,
      86.76666666666667, 87.6, 88.1, 89.43333333333334, 90.76666666666667, 91.6,
      92.1, 92.93333333333334, 93.43333333333334, 94.26666666666667,
      94.76666666666667, 95.6, 96.1, 96.93333333333334, 97.43333333333334,
      98.26666666666667, 98.76666666666667, 99.6, 100.1, 100.93333333333334,
      101.43333333333334, 102.26666666666667, 102.76666666666667, 103.6, 104.1,
      104.93333333333334, 105.43333333333334, 106.26666666666667,
      106.76666666666667, 107.6, 108.1, 108.93333333333334, 130.76666666666668,
      132.1, 133.43333333333334, 135.1, 135.43333333333334, 136.1,
      136.93333333333334, 137.43333333333334, 138.26666666666668,
      138.76666666666668, 139.6, 140.1, 140.93333333333334, 141.43333333333334,
      142.26666666666668, 142.76666666666668, 143.6, 144.1, 144.93333333333334,
      145.43333333333334, 146.26666666666668, 146.76666666666668, 147.6, 148.1,
      148.93333333333334, 149.43333333333334, 150.26666666666668,
      150.76666666666668, 151.6, 152.1, 152.93333333333334, 153.43333333333334,
      154.26666666666668, 154.76666666666668, 155.6, 156.1, 156.93333333333334,
      157.43333333333334, 158.26666666666668, 158.76666666666668, 159.6, 160.1,
      160.93333333333334, 161.43333333333334, 162.26666666666668,
      162.76666666666668, 163.6, 164.1, 164.93333333333334, 165.43333333333334,
      166.26666666666668, 166.76666666666668, 167.6, 168.1, 168.93333333333334,
      169.43333333333334, 170.26666666666668, 170.76666666666668, 171.6, 172.1,
      172.93333333333334
    ]
  },
  "snare": {
    "beat_timestamps": [
      3.066666666666667, 3.7333333333333334, 4.4, 5.066666666666666,
      5.733333333333333, 6.4, 7.066666666666666, 7.733333333333333, 8.4,
      9.066666666666666, 9.733333333333333, 10.4, 11.066666666666666,
      11.733333333333333, 12.4, 13.066666666666666, 13.733333333333333, 14.4,
      15.066666666666666, 15.733333333333333, 16.4, 17.066666666666666,
      17.733333333333334, 18.4, 19.066666666666666, 19.733333333333334, 20.4,
      21.066666666666666, 21.733333333333334, 22.4, 23.066666666666666,
      23.733333333333334, 24.4, 25.066666666666666, 25.733333333333334, 26.4,
      27.066666666666666, 27.733333333333334, 28.4, 29.066666666666666,
      29.733333333333334, 30.4, 31.066666666666666, 31.733333333333334, 32.4,
      33.06666666666667, 33.733333333333334, 34.4, 35.06666666666667,
      35.733333333333334, 36.4, 37.06666666666667, 37.733333333333334, 38.4,
      39.06666666666667, 39.733333333333334, 40.4, 41.06666666666667,
      41.733333333333334, 42.4, 43.06666666666667, 43.733333333333334, 44.4,
      45.06666666666667, 45.733333333333334, 46.4, 47.06666666666667,
      47.733333333333334, 48.4, 49.06666666666667, 49.733333333333334, 50.4,
      51.06666666666667, 51.733333333333334, 52.4, 53.06666666666667,
      53.733333333333334, 54.4, 55.06666666666667, 55.733333333333334, 56.4,
      57.06666666666667, 57.733333333333334, 58.4, 59.06666666666667,
      59.733333333333334, 60.4, 61.06666666666667, 61.733333333333334, 62.4,
      63.06666666666667, 63.733333333333334, 64.4, 65.06666666666666,
      65.73333333333333, 66.4, 67.06666666666666, 67.73333333333333, 68.4,
      69.06666666666666, 69.73333333333333, 70.4, 71.06666666666666,
      71.73333333333333, 72.4, 73.06666666666666, 73.73333333333333, 74.4,
      75.06666666666666, 75.73333333333333, 76.4, 77.06666666666666,
      77.73333333333333, 78.4, 79.06666666666666, 79.73333333333333, 80.4,
      81.06666666666666, 81.73333333333333, 82.4, 83.06666666666666,
      83.73333333333333, 84.4, 85.06666666666666, 85.73333333333333, 86.4,
      87.06666666666666, 87.73333333333333, 91.06666666666666,
      91.73333333333333, 92.4, 93.06666666666666, 93.73333333333333, 94.4,
      95.06666666666666, 95.73333333333333, 96.4, 97.06666666666666,
      97.73333333333333, 98.4, 99.06666666666666, 99.73333333333333, 100.4,
      101.06666666666666, 101.73333333333333, 102.4, 103.06666666666666,
      103.73333333333333, 104.4, 105.06666666666666, 105.73333333333333, 106.4,
      107.06666666666666, 107.73333333333333, 108.4, 109.06666666666666,
      135.73333333333332, 136.4, 137.06666666666666, 137.73333333333332, 138.4,
      139.06666666666666, 139.73333333333332, 140.4, 141.06666666666666,
      141.73333333333332, 142.4, 143.06666666666666, 143.73333333333332, 144.4,
      145.06666666666666, 145.73333333333332, 146.4, 147.06666666666666,
      147.73333333333332, 148.4, 149.06666666666666, 149.73333333333332, 150.4,
      151.06666666666666, 151.73333333333332, 152.4, 153.06666666666666,
      153.73333333333332, 154.4, 155.06666666666666, 155.73333333333332, 156.4,
      157.06666666666666, 157.73333333333332, 158.4, 159.06666666666666,
      159.73333333333332, 160.4, 161.06666666666666, 161.73333333333332, 162.4,
      163.06666666666666, 163.73333333333332, 164.4, 165.06666666666666,
      165.73333333333332, 166.4, 167.06666666666666, 167.73333333333332, 168.4,
      169.06666666666666, 169.73333333333332, 170.4, 171.06666666666666,
      171.73333333333332, 172.4, 173.06666666666666
    ]
  },
  "yo_vocal_at_end": {
    "beat_timestamps": [178.8, 178.93333333333334, 189.46666666666667, 189.6]
  },